product_id,similar_product_id,similarity_score
d8f36b89-bb44-4688-aa61-e6a28bbdfe4f,dd4eddfe-8518-4b45-877b-1c50d73824cc,0.7055
d8f36b89-bb44-4688-aa61-e6a28bbdfe4f,1db56e3d-57c1-475d-90ca-25ddcd5f7a49,0.7032
1db56e3d-57c1-475d-90ca-25ddcd5f7a49,dd4eddfe-8518-4b45-877b-1c50d73824cc,0.8763
1db56e3d-57c1-475d-90ca-25ddcd5f7a49,aa684593-d92e-4bd8-8423-bf9643ce0a9b,0.8675
dd4eddfe-8518-4b45-877b-1c50d73824cc,1db56e3d-57c1-475d-90ca-25ddcd5f7a49,0.8767
dd4eddfe-8518-4b45-877b-1c50d73824cc,aa684593-d92e-4bd8-8423-bf9643ce0a9b,0.8631
dd4eddfe-8518-4b45-877b-1c50d73824cc,d8f36b89-bb44-4688-aa61-e6a28bbdfe4f,0.5814
0517a23e-2f08-423f-b75c-28631c3a636f,1cc530fb-9e28-430b-b4c0-cc3377115f88,0.8661
0517a23e-2f08-423f-b75c-28631c3a636f,bdf69a9b-8609-46db-abaa-c83d51ca6c2e,0.859
0517a23e-2f08-423f-b75c-28631c3a636f,57d65ac2-1330-488c-a1ee-87aa65adae5f,0.8438
62b36d19-71e9-4b67-8458-44269a3a6533,376f5bf9-664b-4bae-b9d1-006f9fd89408,0.8576
62b36d19-71e9-4b67-8458-44269a3a6533,b48830f1-7a39-469b-9f00-c1fea19baeb7,0.7655
62b36d19-71e9-4b67-8458-44269a3a6533,cc4173fc-49c7-48b4-bc85-de3baadef1da,0.7193
62b36d19-71e9-4b67-8458-44269a3a6533,7e9da6bb-ee7e-4675-acd2-59432dfaf37e,0.6766
7e9da6bb-ee7e-4675-acd2-59432dfaf37e,4decc96a-06aa-4d78-aaf8-ceaa8d5fa3ec,0.8545
7e9da6bb-ee7e-4675-acd2-59432dfaf37e,cc4173fc-49c7-48b4-bc85-de3baadef1da,0.7971
7e9da6bb-ee7e-4675-acd2-59432dfaf37e,de41428c-f14f-4bc8-89ef-3d3c153f48f1,0.7377
ce4863f9-986f-43c6-9c73-59fa44ee392e,1833017b-6a09-48cb-9c7b-e2fdba26f6e9,0.7466
ce4863f9-986f-43c6-9c73-59fa44ee392e,d5a2e07f-2832-49c6-bc97-8c4fe2155afb,0.7399
ce4863f9-986f-43c6-9c73-59fa44ee392e,62b36d19-71e9-4b67-8458-44269a3a6533,0.6879
ce4863f9-986f-43c6-9c73-59fa44ee392e,376f5bf9-664b-4bae-b9d1-006f9fd89408,0.6834
ce4863f9-986f-43c6-9c73-59fa44ee392e,3b9a0a2a-a054-408b-8902-4f874becd6c5,0.6766
1cc530fb-9e28-430b-b4c0-cc3377115f88,0517a23e-2f08-423f-b75c-28631c3a636f,0.8668
1cc530fb-9e28-430b-b4c0-cc3377115f88,bdf69a9b-8609-46db-abaa-c83d51ca6c2e,0.865
dc0137fe-4ddd-42e4-bdbd-f453fb8a3839,18874362-9b02-4d73-be09-7ef289c39230,0.841
dc0137fe-4ddd-42e4-bdbd-f453fb8a3839,5edf7fd2-ba8e-4ebf-90ec-e573750869c0,0.8214
dc0137fe-4ddd-42e4-bdbd-f453fb8a3839,de41428c-f14f-4bc8-89ef-3d3c153f48f1,0.7927
dc0137fe-4ddd-42e4-bdbd-f453fb8a3839,84f8db18-0e57-4aca-9db7-171a637a0aa3,0.7524
dc0137fe-4ddd-42e4-bdbd-f453fb8a3839,4decc96a-06aa-4d78-aaf8-ceaa8d5fa3ec,0.5932
cc4173fc-49c7-48b4-bc85-de3baadef1da,7e9da6bb-ee7e-4675-acd2-59432dfaf37e,0.8088
cc4173fc-49c7-48b4-bc85-de3baadef1da,4decc96a-06aa-4d78-aaf8-ceaa8d5fa3ec,0.786
cc4173fc-49c7-48b4-bc85-de3baadef1da,b48830f1-7a39-469b-9f00-c1fea19baeb7,0.7574
1833017b-6a09-48cb-9c7b-e2fdba26f6e9,d5a2e07f-2832-49c6-bc97-8c4fe2155afb,0.8733
1833017b-6a09-48cb-9c7b-e2fdba26f6e9,3b9a0a2a-a054-408b-8902-4f874becd6c5,0.8269
1833017b-6a09-48cb-9c7b-e2fdba26f6e9,60236fa9-087d-462e-9f76-0bc406cce835,0.8267
1833017b-6a09-48cb-9c7b-e2fdba26f6e9,57d65ac2-1330-488c-a1ee-87aa65adae5f,0.7988
18874362-9b02-4d73-be09-7ef289c39230,5edf7fd2-ba8e-4ebf-90ec-e573750869c0,0.8616
18874362-9b02-4d73-be09-7ef289c39230,dc0137fe-4ddd-42e4-bdbd-f453fb8a3839,0.8439
18874362-9b02-4d73-be09-7ef289c39230,de41428c-f14f-4bc8-89ef-3d3c153f48f1,0.8352
eacd2883-3b4d-41cc-9a30-e78a532774a1,d8f36b89-bb44-4688-aa61-e6a28bbdfe4f,0.6483
eacd2883-3b4d-41cc-9a30-e78a532774a1,dd4eddfe-8518-4b45-877b-1c50d73824cc,0.5712
eacd2883-3b4d-41cc-9a30-e78a532774a1,1db56e3d-57c1-475d-90ca-25ddcd5f7a49,0.5704
eacd2883-3b4d-41cc-9a30-e78a532774a1,aa684593-d92e-4bd8-8423-bf9643ce0a9b,0.57
57d65ac2-1330-488c-a1ee-87aa65adae5f,1cc530fb-9e28-430b-b4c0-cc3377115f88,0.857
57d65ac2-1330-488c-a1ee-87aa65adae5f,3b9a0a2a-a054-408b-8902-4f874becd6c5,0.8543
57d65ac2-1330-488c-a1ee-87aa65adae5f,60236fa9-087d-462e-9f76-0bc406cce835,0.8537
5edf7fd2-ba8e-4ebf-90ec-e573750869c0,18874362-9b02-4d73-be09-7ef289c39230,0.8623
5edf7fd2-ba8e-4ebf-90ec-e573750869c0,de41428c-f14f-4bc8-89ef-3d3c153f48f1,0.8542
5edf7fd2-ba8e-4ebf-90ec-e573750869c0,dc0137fe-4ddd-42e4-bdbd-f453fb8a3839,0.8274
5edf7fd2-ba8e-4ebf-90ec-e573750869c0,84f8db18-0e57-4aca-9db7-171a637a0aa3,0.7177
de41428c-f14f-4bc8-89ef-3d3c153f48f1,5edf7fd2-ba8e-4ebf-90ec-e573750869c0,0.8559
de41428c-f14f-4bc8-89ef-3d3c153f48f1,18874362-9b02-4d73-be09-7ef289c39230,0.8394
d5a2e07f-2832-49c6-bc97-8c4fe2155afb,1833017b-6a09-48cb-9c7b-e2fdba26f6e9,0.874
d5a2e07f-2832-49c6-bc97-8c4fe2155afb,3b9a0a2a-a054-408b-8902-4f874becd6c5,0.8249
d5a2e07f-2832-49c6-bc97-8c4fe2155afb,60236fa9-087d-462e-9f76-0bc406cce835,0.8247
376f5bf9-664b-4bae-b9d1-006f9fd89408,62b36d19-71e9-4b67-8458-44269a3a6533,0.8591
376f5bf9-664b-4bae-b9d1-006f9fd89408,b48830f1-7a39-469b-9f00-c1fea19baeb7,0.7858
376f5bf9-664b-4bae-b9d1-006f9fd89408,cc4173fc-49c7-48b4-bc85-de3baadef1da,0.7067
4decc96a-06aa-4d78-aaf8-ceaa8d5fa3ec,7e9da6bb-ee7e-4675-acd2-59432dfaf37e,0.8547
4decc96a-06aa-4d78-aaf8-ceaa8d5fa3ec,cc4173fc-49c7-48b4-bc85-de3baadef1da,0.7673
4decc96a-06aa-4d78-aaf8-ceaa8d5fa3ec,de41428c-f14f-4bc8-89ef-3d3c153f48f1,0.7562
3b9a0a2a-a054-408b-8902-4f874becd6c5,60236fa9-087d-462e-9f76-0bc406cce835,0.8785
3b9a0a2a-a054-408b-8902-4f874becd6c5,57d65ac2-1330-488c-a1ee-87aa65adae5f,0.8538
3b9a0a2a-a054-408b-8902-4f874becd6c5,1cc530fb-9e28-430b-b4c0-cc3377115f88,0.8339
3b9a0a2a-a054-408b-8902-4f874becd6c5,1833017b-6a09-48cb-9c7b-e2fdba26f6e9,0.8334
84f8db18-0e57-4aca-9db7-171a637a0aa3,dc0137fe-4ddd-42e4-bdbd-f453fb8a3839,0.6971
84f8db18-0e57-4aca-9db7-171a637a0aa3,18874362-9b02-4d73-be09-7ef289c39230,0.6462
84f8db18-0e57-4aca-9db7-171a637a0aa3,5edf7fd2-ba8e-4ebf-90ec-e573750869c0,0.6197
84f8db18-0e57-4aca-9db7-171a637a0aa3,de41428c-f14f-4bc8-89ef-3d3c153f48f1,0.5782
bdf69a9b-8609-46db-abaa-c83d51ca6c2e,1cc530fb-9e28-430b-b4c0-cc3377115f88,0.8663
bdf69a9b-8609-46db-abaa-c83d51ca6c2e,0517a23e-2f08-423f-b75c-28631c3a636f,0.8611
bdf69a9b-8609-46db-abaa-c83d51ca6c2e,57d65ac2-1330-488c-a1ee-87aa65adae5f,0.8446
bdf69a9b-8609-46db-abaa-c83d51ca6c2e,3b9a0a2a-a054-408b-8902-4f874becd6c5,0.8285
60236fa9-087d-462e-9f76-0bc406cce835,3b9a0a2a-a054-408b-8902-4f874becd6c5,0.8789
60236fa9-087d-462e-9f76-0bc406cce835,57d65ac2-1330-488c-a1ee-87aa65adae5f,0.8536
aa684593-d92e-4bd8-8423-bf9643ce0a9b,1db56e3d-57c1-475d-90ca-25ddcd5f7a49,0.8702
aa684593-d92e-4bd8-8423-bf9643ce0a9b,dd4eddfe-8518-4b45-877b-1c50d73824cc,0.8653
aa684593-d92e-4bd8-8423-bf9643ce0a9b,d8f36b89-bb44-4688-aa61-e6a28bbdfe4f,0.5653
aa684593-d92e-4bd8-8423-bf9643ce0a9b,0517a23e-2f08-423f-b75c-28631c3a636f,0.5253
b48830f1-7a39-469b-9f00-c1fea19baeb7,cc4173fc-49c7-48b4-bc85-de3baadef1da,0.7802
b48830f1-7a39-469b-9f00-c1fea19baeb7,376f5bf9-664b-4bae-b9d1-006f9fd89408,0.759
8e77c19a-34fb-45aa-b9b8-f51228086db2,d50151d4-c620-4743-b88f-57754338320e,0.5537
8e77c19a-34fb-45aa-b9b8-f51228086db2,905209aa-28b8-471f-8888-1580e903406c,0.4457
8e77c19a-34fb-45aa-b9b8-f51228086db2,e38def5e-2f67-40ea-93ea-f9df6809fd8e,0.443
8e77c19a-34fb-45aa-b9b8-f51228086db2,70e88730-1a6e-4742-bb62-f1e739a1da3a,0.4381
e38def5e-2f67-40ea-93ea-f9df6809fd8e,eeb9175f-aebe-4bcb-9628-471472e845c6,0.5287
e38def5e-2f67-40ea-93ea-f9df6809fd8e,66e980d0-cbf7-4a33-a878-d8a4f314462b,0.5152
e38def5e-2f67-40ea-93ea-f9df6809fd8e,8e77c19a-34fb-45aa-b9b8-f51228086db2,0.3644
d50151d4-c620-4743-b88f-57754338320e,8e77c19a-34fb-45aa-b9b8-f51228086db2,0.7054
d50151d4-c620-4743-b88f-57754338320e,20465576-edb9-41da-8a26-fc344d89164f,0.5494
d50151d4-c620-4743-b88f-57754338320e,f4be5f2a-4b3b-4103-8e9c-410bb390d23e,0.5301
d50151d4-c620-4743-b88f-57754338320e,6faa478c-06db-4064-8af2-45a517353cae,0.5026
d50151d4-c620-4743-b88f-57754338320e,82e916b6-1d1c-4224-b3a5-f10fe7c3e417,0.5
66e980d0-cbf7-4a33-a878-d8a4f314462b,eeb9175f-aebe-4bcb-9628-471472e845c6,0.5445
66e980d0-cbf7-4a33-a878-d8a4f314462b,e38def5e-2f67-40ea-93ea-f9df6809fd8e,0.5038
66e980d0-cbf7-4a33-a878-d8a4f314462b,8e77c19a-34fb-45aa-b9b8-f51228086db2,0.238
e6623b08-23e9-4d6b-9d20-b027d1f6b47c,89ce8985-4b59-4be2-9925-c9ef66871b57,0.5299
e6623b08-23e9-4d6b-9d20-b027d1f6b47c,01e83273-e7b4-451d-b602-993fabff0a07,0.5287
e6623b08-23e9-4d6b-9d20-b027d1f6b47c,f4be5f2a-4b3b-4103-8e9c-410bb390d23e,0.5168
6faa478c-06db-4064-8af2-45a517353cae,70e88730-1a6e-4742-bb62-f1e739a1da3a,0.5433
6faa478c-06db-4064-8af2-45a517353cae,82e916b6-1d1c-4224-b3a5-f10fe7c3e417,0.5411
6faa478c-06db-4064-8af2-45a517353cae,20465576-edb9-41da-8a26-fc344d89164f,0.5216
6faa478c-06db-4064-8af2-45a517353cae,905209aa-28b8-471f-8888-1580e903406c,0.499
6faa478c-06db-4064-8af2-45a517353cae,d50151d4-c620-4743-b88f-57754338320e,0.4865
20465576-edb9-41da-8a26-fc344d89164f,d50151d4-c620-4743-b88f-57754338320e,0.5509
20465576-edb9-41da-8a26-fc344d89164f,6faa478c-06db-4064-8af2-45a517353cae,0.5311
20465576-edb9-41da-8a26-fc344d89164f,82e916b6-1d1c-4224-b3a5-f10fe7c3e417,0.5215
e26dbcce-75c2-46b4-84c9-e4eb99696187,84e8d72f-b2f6-495c-b824-f2a24c7f8d46,0.8316
e26dbcce-75c2-46b4-84c9-e4eb99696187,9ac46c6e-2169-49bb-8326-70e0fece7117,0.8253
e26dbcce-75c2-46b4-84c9-e4eb99696187,5df8f873-e384-4d0d-83f3-e922a853a008,0.7724
e26dbcce-75c2-46b4-84c9-e4eb99696187,992819fa-7d08-4b9d-8b19-df7c11d3af8f,0.7689
e26dbcce-75c2-46b4-84c9-e4eb99696187,89ce8985-4b59-4be2-9925-c9ef66871b57,0.7628
70e88730-1a6e-4742-bb62-f1e739a1da3a,905209aa-28b8-471f-8888-1580e903406c,0.8339
70e88730-1a6e-4742-bb62-f1e739a1da3a,82e916b6-1d1c-4224-b3a5-f10fe7c3e417,0.8033
70e88730-1a6e-4742-bb62-f1e739a1da3a,f4be5f2a-4b3b-4103-8e9c-410bb390d23e,0.6702
354c19d6-e473-413a-86bf-5e3b8841c18d,8aa47c05-2dae-445f-93cd-d72072882e66,0.7919
354c19d6-e473-413a-86bf-5e3b8841c18d,5df8f873-e384-4d0d-83f3-e922a853a008,0.7563
354c19d6-e473-413a-86bf-5e3b8841c18d,9ac46c6e-2169-49bb-8326-70e0fece7117,0.7357
354c19d6-e473-413a-86bf-5e3b8841c18d,84e8d72f-b2f6-495c-b824-f2a24c7f8d46,0.7273
c8511ace-f535-48a5-ad8c-2b724efa0b6f,89ce8985-4b59-4be2-9925-c9ef66871b57,0.8631
c8511ace-f535-48a5-ad8c-2b724efa0b6f,992819fa-7d08-4b9d-8b19-df7c11d3af8f,0.8591
c8511ace-f535-48a5-ad8c-2b724efa0b6f,01e83273-e7b4-451d-b602-993fabff0a07,0.8578
c8511ace-f535-48a5-ad8c-2b724efa0b6f,f4be5f2a-4b3b-4103-8e9c-410bb390d23e,0.7686
c8511ace-f535-48a5-ad8c-2b724efa0b6f,e26dbcce-75c2-46b4-84c9-e4eb99696187,0.7235
9ac46c6e-2169-49bb-8326-70e0fece7117,84e8d72f-b2f6-495c-b824-f2a24c7f8d46,0.8679
9ac46c6e-2169-49bb-8326-70e0fece7117,e26dbcce-75c2-46b4-84c9-e4eb99696187,0.8327
89ce8985-4b59-4be2-9925-c9ef66871b57,01e83273-e7b4-451d-b602-993fabff0a07,0.8733
89ce8985-4b59-4be2-9925-c9ef66871b57,c8511ace-f535-48a5-ad8c-2b724efa0b6f,0.864
89ce8985-4b59-4be2-9925-c9ef66871b57,992819fa-7d08-4b9d-8b19-df7c11d3af8f,0.8473
89ce8985-4b59-4be2-9925-c9ef66871b57,f4be5f2a-4b3b-4103-8e9c-410bb390d23e,0.7823
89ce8985-4b59-4be2-9925-c9ef66871b57,e26dbcce-75c2-46b4-84c9-e4eb99696187,0.7212
82e916b6-1d1c-4224-b3a5-f10fe7c3e417,70e88730-1a6e-4742-bb62-f1e739a1da3a,0.8141
82e916b6-1d1c-4224-b3a5-f10fe7c3e417,905209aa-28b8-471f-8888-1580e903406c,0.8026
82e916b6-1d1c-4224-b3a5-f10fe7c3e417,f4be5f2a-4b3b-4103-8e9c-410bb390d23e,0.7336
82e916b6-1d1c-4224-b3a5-f10fe7c3e417,eeb9175f-aebe-4bcb-9628-471472e845c6,0.6113
82e916b6-1d1c-4224-b3a5-f10fe7c3e417,89ce8985-4b59-4be2-9925-c9ef66871b57,0.5792
84e8d72f-b2f6-495c-b824-f2a24c7f8d46,9ac46c6e-2169-49bb-8326-70e0fece7117,0.8708
84e8d72f-b2f6-495c-b824-f2a24c7f8d46,e26dbcce-75c2-46b4-84c9-e4eb99696187,0.8401
84e8d72f-b2f6-495c-b824-f2a24c7f8d46,5df8f873-e384-4d0d-83f3-e922a853a008,0.8225
84e8d72f-b2f6-495c-b824-f2a24c7f8d46,8aa47c05-2dae-445f-93cd-d72072882e66,0.7686
84e8d72f-b2f6-495c-b824-f2a24c7f8d46,992819fa-7d08-4b9d-8b19-df7c11d3af8f,0.7384
8aa47c05-2dae-445f-93cd-d72072882e66,5df8f873-e384-4d0d-83f3-e922a853a008,0.8317
8aa47c05-2dae-445f-93cd-d72072882e66,9ac46c6e-2169-49bb-8326-70e0fece7117,0.8004
3099b0f6-2bdb-49c3-a602-b335535b3ec3,a5e30c4e-062f-4744-aa28-a20a7736dd62,0.7977
3099b0f6-2bdb-49c3-a602-b335535b3ec3,f7ab538e-25c7-4bcc-89cc-c874740317b9,0.7918
3099b0f6-2bdb-49c3-a602-b335535b3ec3,354c19d6-e473-413a-86bf-5e3b8841c18d,0.6919
f4be5f2a-4b3b-4103-8e9c-410bb390d23e,82e916b6-1d1c-4224-b3a5-f10fe7c3e417,0.7657
f4be5f2a-4b3b-4103-8e9c-410bb390d23e,89ce8985-4b59-4be2-9925-c9ef66871b57,0.7586
f4be5f2a-4b3b-4103-8e9c-410bb390d23e,01e83273-e7b4-451d-b602-993fabff0a07,0.7574
f4be5f2a-4b3b-4103-8e9c-410bb390d23e,70e88730-1a6e-4742-bb62-f1e739a1da3a,0.7433
f4be5f2a-4b3b-4103-8e9c-410bb390d23e,c8511ace-f535-48a5-ad8c-2b724efa0b6f,0.7419
01e83273-e7b4-451d-b602-993fabff0a07,89ce8985-4b59-4be2-9925-c9ef66871b57,0.8765
01e83273-e7b4-451d-b602-993fabff0a07,c8511ace-f535-48a5-ad8c-2b724efa0b6f,0.862
01e83273-e7b4-451d-b602-993fabff0a07,992819fa-7d08-4b9d-8b19-df7c11d3af8f,0.8453
01e83273-e7b4-451d-b602-993fabff0a07,f4be5f2a-4b3b-4103-8e9c-410bb390d23e,0.7843
01e83273-e7b4-451d-b602-993fabff0a07,e26dbcce-75c2-46b4-84c9-e4eb99696187,0.7232
f7ab538e-25c7-4bcc-89cc-c874740317b9,3099b0f6-2bdb-49c3-a602-b335535b3ec3,0.7715
f7ab538e-25c7-4bcc-89cc-c874740317b9,354c19d6-e473-413a-86bf-5e3b8841c18d,0.7442
eeb9175f-aebe-4bcb-9628-471472e845c6,66e980d0-cbf7-4a33-a878-d8a4f314462b,0.5549
eeb9175f-aebe-4bcb-9628-471472e845c6,e38def5e-2f67-40ea-93ea-f9df6809fd8e,0.5338
eeb9175f-aebe-4bcb-9628-471472e845c6,e26dbcce-75c2-46b4-84c9-e4eb99696187,0.4802
5df8f873-e384-4d0d-83f3-e922a853a008,9ac46c6e-2169-49bb-8326-70e0fece7117,0.8398
5df8f873-e384-4d0d-83f3-e922a853a008,84e8d72f-b2f6-495c-b824-f2a24c7f8d46,0.8292
905209aa-28b8-471f-8888-1580e903406c,70e88730-1a6e-4742-bb62-f1e739a1da3a,0.8377
905209aa-28b8-471f-8888-1580e903406c,82e916b6-1d1c-4224-b3a5-f10fe7c3e417,0.7898
a5e30c4e-062f-4744-aa28-a20a7736dd62,3099b0f6-2bdb-49c3-a602-b335535b3ec3,0.8092
a5e30c4e-062f-4744-aa28-a20a7736dd62,f7ab538e-25c7-4bcc-89cc-c874740317b9,0.7416
a5e30c4e-062f-4744-aa28-a20a7736dd62,354c19d6-e473-413a-86bf-5e3b8841c18d,0.6538
a5e30c4e-062f-4744-aa28-a20a7736dd62,8aa47c05-2dae-445f-93cd-d72072882e66,0.6181
a5e30c4e-062f-4744-aa28-a20a7736dd62,5df8f873-e384-4d0d-83f3-e922a853a008,0.6016
992819fa-7d08-4b9d-8b19-df7c11d3af8f,c8511ace-f535-48a5-ad8c-2b724efa0b6f,0.8642
992819fa-7d08-4b9d-8b19-df7c11d3af8f,89ce8985-4b59-4be2-9925-c9ef66871b57,0.8519
992819fa-7d08-4b9d-8b19-df7c11d3af8f,01e83273-e7b4-451d-b602-993fabff0a07,0.8467
992819fa-7d08-4b9d-8b19-df7c11d3af8f,f4be5f2a-4b3b-4103-8e9c-410bb390d23e,0.7605
992819fa-7d08-4b9d-8b19-df7c11d3af8f,e26dbcce-75c2-46b4-84c9-e4eb99696187,0.7437
c1919976-749d-4e71-8d19-a16cfa964fb4,9c0ec8de-681a-4386-b53a-73eb396d25f4,0.5714
c1919976-749d-4e71-8d19-a16cfa964fb4,946ed43a-e39e-4bb1-81de-0c3f5f577863,0.5502
99ecd02c-b33a-43f5-93a6-20194398962d,319999f6-fa5d-4958-9315-cd93b09ff785,0.5686
99ecd02c-b33a-43f5-93a6-20194398962d,f1eb515e-39bc-49d3-9c8b-ce71174dbc04,0.5666
abc60e6c-8b87-496f-956c-bbfa25e709c8,aafbe2ec-8d64-4c2b-a46d-aede80495234,0.6986
abc60e6c-8b87-496f-956c-bbfa25e709c8,156ce336-135d-434d-a45c-487c69177352,0.5866
7bc96000-d8cc-45ac-973d-337a334e0c68,98cdbbc5-1fa9-4710-9eea-efb652bb56cf,0.7629
7bc96000-d8cc-45ac-973d-337a334e0c68,156ce336-135d-434d-a45c-487c69177352,0.584
7bc96000-d8cc-45ac-973d-337a334e0c68,abc60e6c-8b87-496f-956c-bbfa25e709c8,0.5817
7bc96000-d8cc-45ac-973d-337a334e0c68,2229ee4d-52bf-4d66-8a35-477a5b009121,0.5711
2229ee4d-52bf-4d66-8a35-477a5b009121,946ed43a-e39e-4bb1-81de-0c3f5f577863,0.6882
2229ee4d-52bf-4d66-8a35-477a5b009121,7bc96000-d8cc-45ac-973d-337a334e0c68,0.572
c064b0be-024f-4506-bf2c-f7c22975483f,7bc96000-d8cc-45ac-973d-337a334e0c68,0.6487
c064b0be-024f-4506-bf2c-f7c22975483f,98cdbbc5-1fa9-4710-9eea-efb652bb56cf,0.5981
9c0ec8de-681a-4386-b53a-73eb396d25f4,c1919976-749d-4e71-8d19-a16cfa964fb4,0.5706
9c0ec8de-681a-4386-b53a-73eb396d25f4,946ed43a-e39e-4bb1-81de-0c3f5f577863,0.5673
9c0ec8de-681a-4386-b53a-73eb396d25f4,aafbe2ec-8d64-4c2b-a46d-aede80495234,0.537
9c0ec8de-681a-4386-b53a-73eb396d25f4,45493bbb-1f24-4923-bb79-256cb872a501,0.5339
9c0ec8de-681a-4386-b53a-73eb396d25f4,2229ee4d-52bf-4d66-8a35-477a5b009121,0.4409
3220c4d2-5b01-432f-8bc9-3f03d2f63f17,98cdbbc5-1fa9-4710-9eea-efb652bb56cf,0.578
3220c4d2-5b01-432f-8bc9-3f03d2f63f17,1558e912-4e15-4bd5-a222-6948ef17b474,0.5555
3220c4d2-5b01-432f-8bc9-3f03d2f63f17,cfb12c4b-06af-4110-b9f8-86870f5abad5,0.5219
3220c4d2-5b01-432f-8bc9-3f03d2f63f17,2ac02b2e-a39c-4c80-bb92-527d0bfc0a53,0.4919
946ed43a-e39e-4bb1-81de-0c3f5f577863,2229ee4d-52bf-4d66-8a35-477a5b009121,0.7556
946ed43a-e39e-4bb1-81de-0c3f5f577863,9c0ec8de-681a-4386-b53a-73eb396d25f4,0.5661
946ed43a-e39e-4bb1-81de-0c3f5f577863,aafbe2ec-8d64-4c2b-a46d-aede80495234,0.5574
946ed43a-e39e-4bb1-81de-0c3f5f577863,45493bbb-1f24-4923-bb79-256cb872a501,0.554
946ed43a-e39e-4bb1-81de-0c3f5f577863,c1919976-749d-4e71-8d19-a16cfa964fb4,0.5461
f1eb515e-39bc-49d3-9c8b-ce71174dbc04,319999f6-fa5d-4958-9315-cd93b09ff785,0.587
f1eb515e-39bc-49d3-9c8b-ce71174dbc04,cfb12c4b-06af-4110-b9f8-86870f5abad5,0.5852
f1eb515e-39bc-49d3-9c8b-ce71174dbc04,c064b0be-024f-4506-bf2c-f7c22975483f,0.5776
f1eb515e-39bc-49d3-9c8b-ce71174dbc04,99ecd02c-b33a-43f5-93a6-20194398962d,0.568
f1eb515e-39bc-49d3-9c8b-ce71174dbc04,c1919976-749d-4e71-8d19-a16cfa964fb4,0.4753
60682f38-355a-45d0-a317-0ca828f84a50,45493bbb-1f24-4923-bb79-256cb872a501,0.4892
60682f38-355a-45d0-a317-0ca828f84a50,cfb12c4b-06af-4110-b9f8-86870f5abad5,0.4241
60682f38-355a-45d0-a317-0ca828f84a50,1558e912-4e15-4bd5-a222-6948ef17b474,0.3669
60682f38-355a-45d0-a317-0ca828f84a50,98cdbbc5-1fa9-4710-9eea-efb652bb56cf,0.3289
60682f38-355a-45d0-a317-0ca828f84a50,3220c4d2-5b01-432f-8bc9-3f03d2f63f17,0.3101
156ce336-135d-434d-a45c-487c69177352,abc60e6c-8b87-496f-956c-bbfa25e709c8,0.5869
156ce336-135d-434d-a45c-487c69177352,7bc96000-d8cc-45ac-973d-337a334e0c68,0.5842
156ce336-135d-434d-a45c-487c69177352,2229ee4d-52bf-4d66-8a35-477a5b009121,0.5655
1089a068-b1e5-47e2-94b9-adbcf1e2c9d5,c064b0be-024f-4506-bf2c-f7c22975483f,0.4539
1089a068-b1e5-47e2-94b9-adbcf1e2c9d5,f1eb515e-39bc-49d3-9c8b-ce71174dbc04,0.4462
1089a068-b1e5-47e2-94b9-adbcf1e2c9d5,319999f6-fa5d-4958-9315-cd93b09ff785,0.4445
1089a068-b1e5-47e2-94b9-adbcf1e2c9d5,99ecd02c-b33a-43f5-93a6-20194398962d,0.4325
cfb12c4b-06af-4110-b9f8-86870f5abad5,1558e912-4e15-4bd5-a222-6948ef17b474,0.5487
cfb12c4b-06af-4110-b9f8-86870f5abad5,98cdbbc5-1fa9-4710-9eea-efb652bb56cf,0.5218
cfb12c4b-06af-4110-b9f8-86870f5abad5,3220c4d2-5b01-432f-8bc9-3f03d2f63f17,0.5086
cfb12c4b-06af-4110-b9f8-86870f5abad5,f1eb515e-39bc-49d3-9c8b-ce71174dbc04,0.4894
cfb12c4b-06af-4110-b9f8-86870f5abad5,60682f38-355a-45d0-a317-0ca828f84a50,0.4725
aafbe2ec-8d64-4c2b-a46d-aede80495234,abc60e6c-8b87-496f-956c-bbfa25e709c8,0.7605
aafbe2ec-8d64-4c2b-a46d-aede80495234,45493bbb-1f24-4923-bb79-256cb872a501,0.5856
aafbe2ec-8d64-4c2b-a46d-aede80495234,946ed43a-e39e-4bb1-81de-0c3f5f577863,0.5549
90fa3e87-ff42-4f93-8a66-b1f739a88ec5,edcc083f-a50c-4b00-b170-2bf5a8e47a1e,0.6078
90fa3e87-ff42-4f93-8a66-b1f739a88ec5,e6d0c46b-58f6-4788-bcee-112354903318,0.583
90fa3e87-ff42-4f93-8a66-b1f739a88ec5,7d95dffb-395f-4f0a-b2b0-bf7a8eb6c0aa,0.5755
90fa3e87-ff42-4f93-8a66-b1f739a88ec5,bec90231-dd14-41e7-bf6d-6477f29b2696,0.5362
7917007c-0a17-4249-8a40-8c2aeec92a67,27fd221e-3908-4236-8c53-6497ba058267,0.6631
7917007c-0a17-4249-8a40-8c2aeec92a67,80050ac9-21a4-4405-bdb6-1fd3c2466ca3,0.6476
7917007c-0a17-4249-8a40-8c2aeec92a67,bec90231-dd14-41e7-bf6d-6477f29b2696,0.6015
7917007c-0a17-4249-8a40-8c2aeec92a67,90fa3e87-ff42-4f93-8a66-b1f739a88ec5,0.5421
7917007c-0a17-4249-8a40-8c2aeec92a67,edcc083f-a50c-4b00-b170-2bf5a8e47a1e,0.499
27fd221e-3908-4236-8c53-6497ba058267,80050ac9-21a4-4405-bdb6-1fd3c2466ca3,0.8416
27fd221e-3908-4236-8c53-6497ba058267,bec90231-dd14-41e7-bf6d-6477f29b2696,0.7509
27fd221e-3908-4236-8c53-6497ba058267,90fa3e87-ff42-4f93-8a66-b1f739a88ec5,0.6179
27fd221e-3908-4236-8c53-6497ba058267,edcc083f-a50c-4b00-b170-2bf5a8e47a1e,0.5317
bec90231-dd14-41e7-bf6d-6477f29b2696,80050ac9-21a4-4405-bdb6-1fd3c2466ca3,0.7421
bec90231-dd14-41e7-bf6d-6477f29b2696,27fd221e-3908-4236-8c53-6497ba058267,0.6914
61dbe6c0-4344-42ca-9d3e-8edf08949d18,ea40bd9c-db7d-4749-93b3-9af1375bc3cb,0.7748
61dbe6c0-4344-42ca-9d3e-8edf08949d18,401814c4-0f4f-4b78-b403-ceb793527090,0.7674
61dbe6c0-4344-42ca-9d3e-8edf08949d18,b96ff36d-6a86-4fdc-aef3-091ae912d514,0.7526
61dbe6c0-4344-42ca-9d3e-8edf08949d18,2a0b7ded-e42f-49b0-a8a8-165625ed3f99,0.6608
61dbe6c0-4344-42ca-9d3e-8edf08949d18,7f79f372-180c-4d4f-ab52-6780dbba5907,0.6466
ea40bd9c-db7d-4749-93b3-9af1375bc3cb,b96ff36d-6a86-4fdc-aef3-091ae912d514,0.862
ea40bd9c-db7d-4749-93b3-9af1375bc3cb,61dbe6c0-4344-42ca-9d3e-8edf08949d18,0.7968
ea40bd9c-db7d-4749-93b3-9af1375bc3cb,7f79f372-180c-4d4f-ab52-6780dbba5907,0.7772
2a0b7ded-e42f-49b0-a8a8-165625ed3f99,f3386abd-8a35-4e86-840a-96482b009b5c,0.8294
2a0b7ded-e42f-49b0-a8a8-165625ed3f99,401814c4-0f4f-4b78-b403-ceb793527090,0.6272
2a0b7ded-e42f-49b0-a8a8-165625ed3f99,b96ff36d-6a86-4fdc-aef3-091ae912d514,0.4799
2a0b7ded-e42f-49b0-a8a8-165625ed3f99,bec90231-dd14-41e7-bf6d-6477f29b2696,0.4783
2a0b7ded-e42f-49b0-a8a8-165625ed3f99,61dbe6c0-4344-42ca-9d3e-8edf08949d18,0.4781
e6d0c46b-58f6-4788-bcee-112354903318,7d95dffb-395f-4f0a-b2b0-bf7a8eb6c0aa,0.8593
e6d0c46b-58f6-4788-bcee-112354903318,edcc083f-a50c-4b00-b170-2bf5a8e47a1e,0.7864
e6d0c46b-58f6-4788-bcee-112354903318,7f79f372-180c-4d4f-ab52-6780dbba5907,0.6631
e6d0c46b-58f6-4788-bcee-112354903318,b96ff36d-6a86-4fdc-aef3-091ae912d514,0.6294
f3386abd-8a35-4e86-840a-96482b009b5c,2a0b7ded-e42f-49b0-a8a8-165625ed3f99,0.8258
f3386abd-8a35-4e86-840a-96482b009b5c,401814c4-0f4f-4b78-b403-ceb793527090,0.5602
f3386abd-8a35-4e86-840a-96482b009b5c,90fa3e87-ff42-4f93-8a66-b1f739a88ec5,0.4782
f3386abd-8a35-4e86-840a-96482b009b5c,7917007c-0a17-4249-8a40-8c2aeec92a67,0.4747
f3386abd-8a35-4e86-840a-96482b009b5c,80050ac9-21a4-4405-bdb6-1fd3c2466ca3,0.4718
b96ff36d-6a86-4fdc-aef3-091ae912d514,ea40bd9c-db7d-4749-93b3-9af1375bc3cb,0.8628
b96ff36d-6a86-4fdc-aef3-091ae912d514,7f79f372-180c-4d4f-ab52-6780dbba5907,0.7982
b96ff36d-6a86-4fdc-aef3-091ae912d514,61dbe6c0-4344-42ca-9d3e-8edf08949d18,0.7827
b96ff36d-6a86-4fdc-aef3-091ae912d514,401814c4-0f4f-4b78-b403-ceb793527090,0.6989
b96ff36d-6a86-4fdc-aef3-091ae912d514,2a0b7ded-e42f-49b0-a8a8-165625ed3f99,0.6192
edcc083f-a50c-4b00-b170-2bf5a8e47a1e,e6d0c46b-58f6-4788-bcee-112354903318,0.8034
edcc083f-a50c-4b00-b170-2bf5a8e47a1e,7d95dffb-395f-4f0a-b2b0-bf7a8eb6c0aa,0.7902
edcc083f-a50c-4b00-b170-2bf5a8e47a1e,7f79f372-180c-4d4f-ab52-6780dbba5907,0.6269
edcc083f-a50c-4b00-b170-2bf5a8e47a1e,b96ff36d-6a86-4fdc-aef3-091ae912d514,0.6028
80050ac9-21a4-4405-bdb6-1fd3c2466ca3,27fd221e-3908-4236-8c53-6497ba058267,0.8385
80050ac9-21a4-4405-bdb6-1fd3c2466ca3,bec90231-dd14-41e7-bf6d-6477f29b2696,0.776
7d95dffb-395f-4f0a-b2b0-bf7a8eb6c0aa,e6d0c46b-58f6-4788-bcee-112354903318,0.8585
7d95dffb-395f-4f0a-b2b0-bf7a8eb6c0aa,edcc083f-a50c-4b00-b170-2bf5a8e47a1e,0.7645
7d95dffb-395f-4f0a-b2b0-bf7a8eb6c0aa,7f79f372-180c-4d4f-ab52-6780dbba5907,0.67
7d95dffb-395f-4f0a-b2b0-bf7a8eb6c0aa,b96ff36d-6a86-4fdc-aef3-091ae912d514,0.6389
7d95dffb-395f-4f0a-b2b0-bf7a8eb6c0aa,ea40bd9c-db7d-4749-93b3-9af1375bc3cb,0.6309
401814c4-0f4f-4b78-b403-ceb793527090,61dbe6c0-4344-42ca-9d3e-8edf08949d18,0.7309
401814c4-0f4f-4b78-b403-ceb793527090,2a0b7ded-e42f-49b0-a8a8-165625ed3f99,0.7214
401814c4-0f4f-4b78-b403-ceb793527090,f3386abd-8a35-4e86-840a-96482b009b5c,0.6967
401814c4-0f4f-4b78-b403-ceb793527090,ea40bd9c-db7d-4749-93b3-9af1375bc3cb,0.5884
401814c4-0f4f-4b78-b403-ceb793527090,b96ff36d-6a86-4fdc-aef3-091ae912d514,0.5631
7f79f372-180c-4d4f-ab52-6780dbba5907,b96ff36d-6a86-4fdc-aef3-091ae912d514,0.8109
7f79f372-180c-4d4f-ab52-6780dbba5907,ea40bd9c-db7d-4749-93b3-9af1375bc3cb,0.7963
7f79f372-180c-4d4f-ab52-6780dbba5907,61dbe6c0-4344-42ca-9d3e-8edf08949d18,0.7293
7f79f372-180c-4d4f-ab52-6780dbba5907,401814c4-0f4f-4b78-b403-ceb793527090,0.6663
69ab6dda-a997-4d48-a8c7-bd1969c4173d,7033b2e3-43bd-4dda-891b-909968764b50,0.5893
69ab6dda-a997-4d48-a8c7-bd1969c4173d,0497bf84-3e77-466d-9fa2-4ebaf4d02739,0.5889
69ab6dda-a997-4d48-a8c7-bd1969c4173d,c968d80a-6375-4cde-b13b-d5ee39702e27,0.5389
69ab6dda-a997-4d48-a8c7-bd1969c4173d,c8737cc6-6651-486d-b80a-96a7d3693bc8,0.5389
c687b7f9-bf5e-49d2-8f15-86dace830cc2,5aa9ecb6-02b5-47d0-a732-aa0e8906b8ca,0.8177
c687b7f9-bf5e-49d2-8f15-86dace830cc2,fe27278e-0e91-4d66-9288-b5ed3004e644,0.7942
5aa9ecb6-02b5-47d0-a732-aa0e8906b8ca,c687b7f9-bf5e-49d2-8f15-86dace830cc2,0.802
5aa9ecb6-02b5-47d0-a732-aa0e8906b8ca,fe27278e-0e91-4d66-9288-b5ed3004e644,0.6859
8188664d-146d-4434-839a-6007e2f4bcc9,8b270c18-b9f4-4f68-8bad-ddbe631bb11e,0.6747
8188664d-146d-4434-839a-6007e2f4bcc9,5aa9ecb6-02b5-47d0-a732-aa0e8906b8ca,0.4632
8188664d-146d-4434-839a-6007e2f4bcc9,a1cacfc3-e64d-4b67-a9da-742e077079d8,0.4305
8188664d-146d-4434-839a-6007e2f4bcc9,545d8aff-7e89-45b4-a5b0-c50436ebc0da,0.4081
8188664d-146d-4434-839a-6007e2f4bcc9,10f959bd-95b9-4c8c-9b99-61beb8b6318f,0.3749
7033b2e3-43bd-4dda-891b-909968764b50,69ab6dda-a997-4d48-a8c7-bd1969c4173d,0.5895
7033b2e3-43bd-4dda-891b-909968764b50,0497bf84-3e77-466d-9fa2-4ebaf4d02739,0.5889
7033b2e3-43bd-4dda-891b-909968764b50,c968d80a-6375-4cde-b13b-d5ee39702e27,0.5389
2f80ffcd-a7a5-4f84-a123-4d1b4063bbd4,69ab6dda-a997-4d48-a8c7-bd1969c4173d,0.1895
2f80ffcd-a7a5-4f84-a123-4d1b4063bbd4,c687b7f9-bf5e-49d2-8f15-86dace830cc2,0.1895
2f80ffcd-a7a5-4f84-a123-4d1b4063bbd4,5aa9ecb6-02b5-47d0-a732-aa0e8906b8ca,0.1895
2f80ffcd-a7a5-4f84-a123-4d1b4063bbd4,8188664d-146d-4434-839a-6007e2f4bcc9,0.1894
fe27278e-0e91-4d66-9288-b5ed3004e644,c687b7f9-bf5e-49d2-8f15-86dace830cc2,0.8128
fe27278e-0e91-4d66-9288-b5ed3004e644,5aa9ecb6-02b5-47d0-a732-aa0e8906b8ca,0.7547
fe27278e-0e91-4d66-9288-b5ed3004e644,585cf15e-a238-4bd0-aaf1-135ed82849cd,0.5336
fe27278e-0e91-4d66-9288-b5ed3004e644,8188664d-146d-4434-839a-6007e2f4bcc9,0.391
fe27278e-0e91-4d66-9288-b5ed3004e644,a1cacfc3-e64d-4b67-a9da-742e077079d8,0.3107
585cf15e-a238-4bd0-aaf1-135ed82849cd,fe27278e-0e91-4d66-9288-b5ed3004e644,0.5404
585cf15e-a238-4bd0-aaf1-135ed82849cd,c687b7f9-bf5e-49d2-8f15-86dace830cc2,0.4734
585cf15e-a238-4bd0-aaf1-135ed82849cd,5aa9ecb6-02b5-47d0-a732-aa0e8906b8ca,0.4224
585cf15e-a238-4bd0-aaf1-135ed82849cd,8188664d-146d-4434-839a-6007e2f4bcc9,0.3664
585cf15e-a238-4bd0-aaf1-135ed82849cd,a1cacfc3-e64d-4b67-a9da-742e077079d8,0.2958
10f959bd-95b9-4c8c-9b99-61beb8b6318f,8b270c18-b9f4-4f68-8bad-ddbe631bb11e,0.5889
10f959bd-95b9-4c8c-9b99-61beb8b6318f,545d8aff-7e89-45b4-a5b0-c50436ebc0da,0.5169
10f959bd-95b9-4c8c-9b99-61beb8b6318f,a1cacfc3-e64d-4b67-a9da-742e077079d8,0.469
10f959bd-95b9-4c8c-9b99-61beb8b6318f,c968d80a-6375-4cde-b13b-d5ee39702e27,0.3089
a1cacfc3-e64d-4b67-a9da-742e077079d8,545d8aff-7e89-45b4-a5b0-c50436ebc0da,0.8519
a1cacfc3-e64d-4b67-a9da-742e077079d8,10f959bd-95b9-4c8c-9b99-61beb8b6318f,0.4968
a1cacfc3-e64d-4b67-a9da-742e077079d8,8b270c18-b9f4-4f68-8bad-ddbe631bb11e,0.4966
a1cacfc3-e64d-4b67-a9da-742e077079d8,8188664d-146d-4434-839a-6007e2f4bcc9,0.3268
a1cacfc3-e64d-4b67-a9da-742e077079d8,c968d80a-6375-4cde-b13b-d5ee39702e27,0.2812
8b270c18-b9f4-4f68-8bad-ddbe631bb11e,10f959bd-95b9-4c8c-9b99-61beb8b6318f,0.5891
8b270c18-b9f4-4f68-8bad-ddbe631bb11e,545d8aff-7e89-45b4-a5b0-c50436ebc0da,0.5169
8b270c18-b9f4-4f68-8bad-ddbe631bb11e,8188664d-146d-4434-839a-6007e2f4bcc9,0.4894
8b270c18-b9f4-4f68-8bad-ddbe631bb11e,a1cacfc3-e64d-4b67-a9da-742e077079d8,0.469
c968d80a-6375-4cde-b13b-d5ee39702e27,c8737cc6-6651-486d-b80a-96a7d3693bc8,0.5889
c968d80a-6375-4cde-b13b-d5ee39702e27,69ab6dda-a997-4d48-a8c7-bd1969c4173d,0.5451
c968d80a-6375-4cde-b13b-d5ee39702e27,7033b2e3-43bd-4dda-891b-909968764b50,0.5449
c968d80a-6375-4cde-b13b-d5ee39702e27,0497bf84-3e77-466d-9fa2-4ebaf4d02739,0.5445
c968d80a-6375-4cde-b13b-d5ee39702e27,2f80ffcd-a7a5-4f84-a123-4d1b4063bbd4,0.2782
0497bf84-3e77-466d-9fa2-4ebaf4d02739,69ab6dda-a997-4d48-a8c7-bd1969c4173d,0.5895
0497bf84-3e77-466d-9fa2-4ebaf4d02739,7033b2e3-43bd-4dda-891b-909968764b50,0.5893
c8737cc6-6651-486d-b80a-96a7d3693bc8,c968d80a-6375-4cde-b13b-d5ee39702e27,0.5889
c8737cc6-6651-486d-b80a-96a7d3693bc8,69ab6dda-a997-4d48-a8c7-bd1969c4173d,0.5451
c8737cc6-6651-486d-b80a-96a7d3693bc8,7033b2e3-43bd-4dda-891b-909968764b50,0.5449
c8737cc6-6651-486d-b80a-96a7d3693bc8,0497bf84-3e77-466d-9fa2-4ebaf4d02739,0.5445
c8737cc6-6651-486d-b80a-96a7d3693bc8,2f80ffcd-a7a5-4f84-a123-4d1b4063bbd4,0.2782
545d8aff-7e89-45b4-a5b0-c50436ebc0da,a1cacfc3-e64d-4b67-a9da-742e077079d8,0.8483
545d8aff-7e89-45b4-a5b0-c50436ebc0da,10f959bd-95b9-4c8c-9b99-61beb8b6318f,0.5281
545d8aff-7e89-45b4-a5b0-c50436ebc0da,8b270c18-b9f4-4f68-8bad-ddbe631bb11e,0.5279
545d8aff-7e89-45b4-a5b0-c50436ebc0da,c968d80a-6375-4cde-b13b-d5ee39702e27,0.2906
2f25e076-9154-48b9-9346-3a2b18cf70ec,e763f8c0-d235-455c-8147-92e1b6c5052e,0.5143
2f25e076-9154-48b9-9346-3a2b18cf70ec,8502c45a-a366-431c-a893-1580de9763d7,0.5105
2f25e076-9154-48b9-9346-3a2b18cf70ec,1fb0252a-15e9-4565-b200-b681c0b62fcd,0.4973
2f25e076-9154-48b9-9346-3a2b18cf70ec,818c25cb-f0a4-46db-8aa8-431ebeb06840,0.4937
1fb0252a-15e9-4565-b200-b681c0b62fcd,818c25cb-f0a4-46db-8aa8-431ebeb06840,0.8325
1fb0252a-15e9-4565-b200-b681c0b62fcd,e763f8c0-d235-455c-8147-92e1b6c5052e,0.6397
68cfc219-6988-4cd2-a0f1-960f4f5ef87e,6ce5d6d1-c818-42c4-b0ea-502df611e66b,0.7535
68cfc219-6988-4cd2-a0f1-960f4f5ef87e,c25be59a-41b0-4d4a-9080-a936b823bbde,0.6813
68cfc219-6988-4cd2-a0f1-960f4f5ef87e,2f25e076-9154-48b9-9346-3a2b18cf70ec,0.542
a7fd4e7e-4cf6-4510-819a-6e353cab364a,3ce4fed5-8e96-4721-a8a2-76d54cd5dc09,0.8803
a7fd4e7e-4cf6-4510-819a-6e353cab364a,1fb0252a-15e9-4565-b200-b681c0b62fcd,0.4808
a7fd4e7e-4cf6-4510-819a-6e353cab364a,e763f8c0-d235-455c-8147-92e1b6c5052e,0.4807
a7fd4e7e-4cf6-4510-819a-6e353cab364a,c25be59a-41b0-4d4a-9080-a936b823bbde,0.4803
e763f8c0-d235-455c-8147-92e1b6c5052e,8502c45a-a366-431c-a893-1580de9763d7,0.8713
e763f8c0-d235-455c-8147-92e1b6c5052e,818c25cb-f0a4-46db-8aa8-431ebeb06840,0.7499
8502c45a-a366-431c-a893-1580de9763d7,e763f8c0-d235-455c-8147-92e1b6c5052e,0.8717
8502c45a-a366-431c-a893-1580de9763d7,818c25cb-f0a4-46db-8aa8-431ebeb06840,0.7505
8502c45a-a366-431c-a893-1580de9763d7,1fb0252a-15e9-4565-b200-b681c0b62fcd,0.7234
c25be59a-41b0-4d4a-9080-a936b823bbde,6ce5d6d1-c818-42c4-b0ea-502df611e66b,0.8283
c25be59a-41b0-4d4a-9080-a936b823bbde,68cfc219-6988-4cd2-a0f1-960f4f5ef87e,0.7468
c25be59a-41b0-4d4a-9080-a936b823bbde,2f25e076-9154-48b9-9346-3a2b18cf70ec,0.5168
3ce4fed5-8e96-4721-a8a2-76d54cd5dc09,a7fd4e7e-4cf6-4510-819a-6e353cab364a,0.8807
3ce4fed5-8e96-4721-a8a2-76d54cd5dc09,1fb0252a-15e9-4565-b200-b681c0b62fcd,0.4808
3ce4fed5-8e96-4721-a8a2-76d54cd5dc09,e763f8c0-d235-455c-8147-92e1b6c5052e,0.4807
818c25cb-f0a4-46db-8aa8-431ebeb06840,1fb0252a-15e9-4565-b200-b681c0b62fcd,0.837
818c25cb-f0a4-46db-8aa8-431ebeb06840,e763f8c0-d235-455c-8147-92e1b6c5052e,0.6943
818c25cb-f0a4-46db-8aa8-431ebeb06840,8502c45a-a366-431c-a893-1580de9763d7,0.6907
818c25cb-f0a4-46db-8aa8-431ebeb06840,a7fd4e7e-4cf6-4510-819a-6e353cab364a,0.6042
818c25cb-f0a4-46db-8aa8-431ebeb06840,3ce4fed5-8e96-4721-a8a2-76d54cd5dc09,0.6038
6ce5d6d1-c818-42c4-b0ea-502df611e66b,c25be59a-41b0-4d4a-9080-a936b823bbde,0.8214
6ce5d6d1-c818-42c4-b0ea-502df611e66b,68cfc219-6988-4cd2-a0f1-960f4f5ef87e,0.7829
6ce5d6d1-c818-42c4-b0ea-502df611e66b,2f25e076-9154-48b9-9346-3a2b18cf70ec,0.5215
6ce5d6d1-c818-42c4-b0ea-502df611e66b,e763f8c0-d235-455c-8147-92e1b6c5052e,0.4848
adeae5e2-e490-422d-8c04-e346249bf8c9,15a28f07-38cf-4df1-b707-9bcbbb33ffa2,0.6538
adeae5e2-e490-422d-8c04-e346249bf8c9,acbae784-480b-4b84-90c9-8d202313cfcd,0.5617
adeae5e2-e490-422d-8c04-e346249bf8c9,2e7a8969-c2c3-4c06-af4d-040dedf07911,0.5346
5fe81cce-900a-4a08-9761-99f6c5d62c71,15a28f07-38cf-4df1-b707-9bcbbb33ffa2,0.5019
5fe81cce-900a-4a08-9761-99f6c5d62c71,17da7441-3736-415e-a4de-16b205e93cb9,0.4794
5fe81cce-900a-4a08-9761-99f6c5d62c71,f3883007-3be7-48a3-80c4-9716bf0687d8,0.4452
15a28f07-38cf-4df1-b707-9bcbbb33ffa2,adeae5e2-e490-422d-8c04-e346249bf8c9,0.738
15a28f07-38cf-4df1-b707-9bcbbb33ffa2,17da7441-3736-415e-a4de-16b205e93cb9,0.5546
15a28f07-38cf-4df1-b707-9bcbbb33ffa2,f3883007-3be7-48a3-80c4-9716bf0687d8,0.5125
15a28f07-38cf-4df1-b707-9bcbbb33ffa2,5fe81cce-900a-4a08-9761-99f6c5d62c71,0.4818
af91784e-39ae-4cf6-887f-27d702c1a168,5fe81cce-900a-4a08-9761-99f6c5d62c71,0.3968
af91784e-39ae-4cf6-887f-27d702c1a168,15a28f07-38cf-4df1-b707-9bcbbb33ffa2,0.3535
af91784e-39ae-4cf6-887f-27d702c1a168,17da7441-3736-415e-a4de-16b205e93cb9,0.3406
af91784e-39ae-4cf6-887f-27d702c1a168,f3883007-3be7-48a3-80c4-9716bf0687d8,0.3211
17da7441-3736-415e-a4de-16b205e93cb9,15a28f07-38cf-4df1-b707-9bcbbb33ffa2,0.5546
17da7441-3736-415e-a4de-16b205e93cb9,f3883007-3be7-48a3-80c4-9716bf0687d8,0.5358
17da7441-3736-415e-a4de-16b205e93cb9,adeae5e2-e490-422d-8c04-e346249bf8c9,0.4556
17da7441-3736-415e-a4de-16b205e93cb9,5fe81cce-900a-4a08-9761-99f6c5d62c71,0.447
17da7441-3736-415e-a4de-16b205e93cb9,acbae784-480b-4b84-90c9-8d202313cfcd,0.4392
bfe963ef-a019-48ba-82a9-bf6899ab1689,4e50d693-717b-4454-b8aa-ad2f4b58be82,0.2785
bfe963ef-a019-48ba-82a9-bf6899ab1689,2e7a8969-c2c3-4c06-af4d-040dedf07911,0.2697
bfe963ef-a019-48ba-82a9-bf6899ab1689,acbae784-480b-4b84-90c9-8d202313cfcd,0.2138
bfe963ef-a019-48ba-82a9-bf6899ab1689,adeae5e2-e490-422d-8c04-e346249bf8c9,0.1867
bfe963ef-a019-48ba-82a9-bf6899ab1689,5fe81cce-900a-4a08-9761-99f6c5d62c71,0.1826
2e7a8969-c2c3-4c06-af4d-040dedf07911,4e50d693-717b-4454-b8aa-ad2f4b58be82,0.5722
2e7a8969-c2c3-4c06-af4d-040dedf07911,acbae784-480b-4b84-90c9-8d202313cfcd,0.5469
2e7a8969-c2c3-4c06-af4d-040dedf07911,adeae5e2-e490-422d-8c04-e346249bf8c9,0.5339
acbae784-480b-4b84-90c9-8d202313cfcd,adeae5e2-e490-422d-8c04-e346249bf8c9,0.5664
acbae784-480b-4b84-90c9-8d202313cfcd,2e7a8969-c2c3-4c06-af4d-040dedf07911,0.5497
acbae784-480b-4b84-90c9-8d202313cfcd,4e50d693-717b-4454-b8aa-ad2f4b58be82,0.5436
f3883007-3be7-48a3-80c4-9716bf0687d8,17da7441-3736-415e-a4de-16b205e93cb9,0.5334
f3883007-3be7-48a3-80c4-9716bf0687d8,15a28f07-38cf-4df1-b707-9bcbbb33ffa2,0.5041
f3883007-3be7-48a3-80c4-9716bf0687d8,adeae5e2-e490-422d-8c04-e346249bf8c9,0.4878
4e50d693-717b-4454-b8aa-ad2f4b58be82,2e7a8969-c2c3-4c06-af4d-040dedf07911,0.5731
4e50d693-717b-4454-b8aa-ad2f4b58be82,acbae784-480b-4b84-90c9-8d202313cfcd,0.5408
4e50d693-717b-4454-b8aa-ad2f4b58be82,adeae5e2-e490-422d-8c04-e346249bf8c9,0.5276
4e50d693-717b-4454-b8aa-ad2f4b58be82,bfe963ef-a019-48ba-82a9-bf6899ab1689,0.4087
4e50d693-717b-4454-b8aa-ad2f4b58be82,f3883007-3be7-48a3-80c4-9716bf0687d8,0.3789
13f0074b-2b4b-4af4-8c2b-8136034f2bc0,07facf0d-1a2c-4a5e-b5a7-1b07da5fc9bf,0.5572
13f0074b-2b4b-4af4-8c2b-8136034f2bc0,995c0faa-de3f-4f74-ae87-42e2036c8a6d,0.4831
07facf0d-1a2c-4a5e-b5a7-1b07da5fc9bf,13f0074b-2b4b-4af4-8c2b-8136034f2bc0,0.556
07facf0d-1a2c-4a5e-b5a7-1b07da5fc9bf,92b04a68-e099-4481-a21c-c6b41ca41b1a,0.4819
995c0faa-de3f-4f74-ae87-42e2036c8a6d,13f0074b-2b4b-4af4-8c2b-8136034f2bc0,0.5667
995c0faa-de3f-4f74-ae87-42e2036c8a6d,92b04a68-e099-4481-a21c-c6b41ca41b1a,0.4184
995c0faa-de3f-4f74-ae87-42e2036c8a6d,16ed4e1e-072a-4985-bc91-05496aa856e2,0.2856
16ed4e1e-072a-4985-bc91-05496aa856e2,13f0074b-2b4b-4af4-8c2b-8136034f2bc0,0.5032
16ed4e1e-072a-4985-bc91-05496aa856e2,07facf0d-1a2c-4a5e-b5a7-1b07da5fc9bf,0.481
16ed4e1e-072a-4985-bc91-05496aa856e2,995c0faa-de3f-4f74-ae87-42e2036c8a6d,0.1831
16ed4e1e-072a-4985-bc91-05496aa856e2,92b04a68-e099-4481-a21c-c6b41ca41b1a,0.1819
92b04a68-e099-4481-a21c-c6b41ca41b1a,07facf0d-1a2c-4a5e-b5a7-1b07da5fc9bf,0.6132
92b04a68-e099-4481-a21c-c6b41ca41b1a,16ed4e1e-072a-4985-bc91-05496aa856e2,0.3567
92b04a68-e099-4481-a21c-c6b41ca41b1a,13f0074b-2b4b-4af4-8c2b-8136034f2bc0,0.3233
92b04a68-e099-4481-a21c-c6b41ca41b1a,995c0faa-de3f-4f74-ae87-42e2036c8a6d,0.3064
ad69f705-644d-428e-8920-aca9cb2ed307,d9641c8f-ba46-4313-98b6-9bae6e0518fb,0.8876
ad69f705-644d-428e-8920-aca9cb2ed307,2db905ac-b131-4962-9479-44ab73ab13f3,0.513
2bd16f69-9530-4093-8f63-efbef6099c36,840aedc8-44b3-44de-ac73-ac0575623f16,0.3666
2bd16f69-9530-4093-8f63-efbef6099c36,2db905ac-b131-4962-9479-44ab73ab13f3,0.3414
2bd16f69-9530-4093-8f63-efbef6099c36,ad69f705-644d-428e-8920-aca9cb2ed307,0.319
2bd16f69-9530-4093-8f63-efbef6099c36,d9641c8f-ba46-4313-98b6-9bae6e0518fb,0.3174
d9641c8f-ba46-4313-98b6-9bae6e0518fb,ad69f705-644d-428e-8920-aca9cb2ed307,0.8892
d9641c8f-ba46-4313-98b6-9bae6e0518fb,2db905ac-b131-4962-9479-44ab73ab13f3,0.513
d9641c8f-ba46-4313-98b6-9bae6e0518fb,840aedc8-44b3-44de-ac73-ac0575623f16,0.4273
d9641c8f-ba46-4313-98b6-9bae6e0518fb,2bd16f69-9530-4093-8f63-efbef6099c36,0.1882
2db905ac-b131-4962-9479-44ab73ab13f3,ad69f705-644d-428e-8920-aca9cb2ed307,0.5265
2db905ac-b131-4962-9479-44ab73ab13f3,d9641c8f-ba46-4313-98b6-9bae6e0518fb,0.5249
840aedc8-44b3-44de-ac73-ac0575623f16,2db905ac-b131-4962-9479-44ab73ab13f3,0.5275
840aedc8-44b3-44de-ac73-ac0575623f16,ad69f705-644d-428e-8920-aca9cb2ed307,0.4759
840aedc8-44b3-44de-ac73-ac0575623f16,d9641c8f-ba46-4313-98b6-9bae6e0518fb,0.4743
840aedc8-44b3-44de-ac73-ac0575623f16,2bd16f69-9530-4093-8f63-efbef6099c36,0.1882
74604fa2-b6bc-4f27-b62b-0afc35be8e6e,b678406b-f380-498d-a92b-2667a2edcfd2,0.8848
74604fa2-b6bc-4f27-b62b-0afc35be8e6e,0c8ee20e-574d-4398-84b2-3e351af566be,0.5782
74604fa2-b6bc-4f27-b62b-0afc35be8e6e,2e083236-72a8-4c95-ae00-ea93bbd376a9,0.558
97421f0d-6660-4ace-9ee3-5a9b947bb2d2,fc955ab7-0b6d-48b0-9b64-6cdd147577b9,0.7883
97421f0d-6660-4ace-9ee3-5a9b947bb2d2,951e670e-aec3-4684-a068-7847de14f52a,0.7881
97421f0d-6660-4ace-9ee3-5a9b947bb2d2,d51c5bee-1259-4a12-ae76-eceaef64e140,0.7099
4489db48-bb0c-47ba-a6b7-1d13ca74f9ca,6d1ea7c7-f796-4282-a1b0-025d905da5ce,0.5817
4489db48-bb0c-47ba-a6b7-1d13ca74f9ca,edf6fae2-e022-4986-8174-455d93a822e1,0.5459
80029a9a-a10f-4516-b41f-104565ff5718,2e083236-72a8-4c95-ae00-ea93bbd376a9,0.8278
80029a9a-a10f-4516-b41f-104565ff5718,951e670e-aec3-4684-a068-7847de14f52a,0.7942
80029a9a-a10f-4516-b41f-104565ff5718,97421f0d-6660-4ace-9ee3-5a9b947bb2d2,0.7329
80029a9a-a10f-4516-b41f-104565ff5718,fc955ab7-0b6d-48b0-9b64-6cdd147577b9,0.6713
80029a9a-a10f-4516-b41f-104565ff5718,d51c5bee-1259-4a12-ae76-eceaef64e140,0.6235
fc955ab7-0b6d-48b0-9b64-6cdd147577b9,d51c5bee-1259-4a12-ae76-eceaef64e140,0.7846
fc955ab7-0b6d-48b0-9b64-6cdd147577b9,97421f0d-6660-4ace-9ee3-5a9b947bb2d2,0.7541
0c8ee20e-574d-4398-84b2-3e351af566be,b678406b-f380-498d-a92b-2667a2edcfd2,0.5828
0c8ee20e-574d-4398-84b2-3e351af566be,74604fa2-b6bc-4f27-b62b-0afc35be8e6e,0.5787
0c8ee20e-574d-4398-84b2-3e351af566be,2e083236-72a8-4c95-ae00-ea93bbd376a9,0.548
0c8ee20e-574d-4398-84b2-3e351af566be,51f23b84-6fe4-4b39-8693-40a8909b3d27,0.5435
0c8ee20e-574d-4398-84b2-3e351af566be,4489db48-bb0c-47ba-a6b7-1d13ca74f9ca,0.5265
781ab087-49ee-4a59-9400-0255bafc7266,77e69b3d-296b-49d2-b6c1-fd0bc1b4b7e8,0.3226
781ab087-49ee-4a59-9400-0255bafc7266,74604fa2-b6bc-4f27-b62b-0afc35be8e6e,0.1896
2e083236-72a8-4c95-ae00-ea93bbd376a9,80029a9a-a10f-4516-b41f-104565ff5718,0.8362
2e083236-72a8-4c95-ae00-ea93bbd376a9,951e670e-aec3-4684-a068-7847de14f52a,0.7535
2e083236-72a8-4c95-ae00-ea93bbd376a9,97421f0d-6660-4ace-9ee3-5a9b947bb2d2,0.7004
2e083236-72a8-4c95-ae00-ea93bbd376a9,fc955ab7-0b6d-48b0-9b64-6cdd147577b9,0.6471
9578439a-90b3-4ab6-995b-044298a04499,80029a9a-a10f-4516-b41f-104565ff5718,0.584
9578439a-90b3-4ab6-995b-044298a04499,1791ae03-f710-4181-9a5f-45b1666b531b,0.5781
9578439a-90b3-4ab6-995b-044298a04499,51f23b84-6fe4-4b39-8693-40a8909b3d27,0.5395
9578439a-90b3-4ab6-995b-044298a04499,2e083236-72a8-4c95-ae00-ea93bbd376a9,0.5341
b678406b-f380-498d-a92b-2667a2edcfd2,74604fa2-b6bc-4f27-b62b-0afc35be8e6e,0.8852
b678406b-f380-498d-a92b-2667a2edcfd2,0c8ee20e-574d-4398-84b2-3e351af566be,0.5828
b678406b-f380-498d-a92b-2667a2edcfd2,2e083236-72a8-4c95-ae00-ea93bbd376a9,0.554
b678406b-f380-498d-a92b-2667a2edcfd2,51f23b84-6fe4-4b39-8693-40a8909b3d27,0.5494
77e69b3d-296b-49d2-b6c1-fd0bc1b4b7e8,781ab087-49ee-4a59-9400-0255bafc7266,0.4293
77e69b3d-296b-49d2-b6c1-fd0bc1b4b7e8,d51c5bee-1259-4a12-ae76-eceaef64e140,0.3492
951e670e-aec3-4684-a068-7847de14f52a,97421f0d-6660-4ace-9ee3-5a9b947bb2d2,0.8088
951e670e-aec3-4684-a068-7847de14f52a,80029a9a-a10f-4516-b41f-104565ff5718,0.7647
951e670e-aec3-4684-a068-7847de14f52a,fc955ab7-0b6d-48b0-9b64-6cdd147577b9,0.728
f182aece-72b2-4975-98a6-459583247a71,97421f0d-6660-4ace-9ee3-5a9b947bb2d2,0.5805
f182aece-72b2-4975-98a6-459583247a71,951e670e-aec3-4684-a068-7847de14f52a,0.4994
d51c5bee-1259-4a12-ae76-eceaef64e140,fc955ab7-0b6d-48b0-9b64-6cdd147577b9,0.7478
d51c5bee-1259-4a12-ae76-eceaef64e140,97421f0d-6660-4ace-9ee3-5a9b947bb2d2,0.5645
3dc00ff2-e2a0-426d-85cb-58db6c7e31a3,edf6fae2-e022-4986-8174-455d93a822e1,0.5508
3dc00ff2-e2a0-426d-85cb-58db6c7e31a3,6d1ea7c7-f796-4282-a1b0-025d905da5ce,0.5218
6d1ea7c7-f796-4282-a1b0-025d905da5ce,4489db48-bb0c-47ba-a6b7-1d13ca74f9ca,0.5821
6d1ea7c7-f796-4282-a1b0-025d905da5ce,edf6fae2-e022-4986-8174-455d93a822e1,0.5541
6d1ea7c7-f796-4282-a1b0-025d905da5ce,0c8ee20e-574d-4398-84b2-3e351af566be,0.5286
45493bbb-1f24-4923-bb79-256cb872a501,60682f38-355a-45d0-a317-0ca828f84a50,0.6049
45493bbb-1f24-4923-bb79-256cb872a501,aafbe2ec-8d64-4c2b-a46d-aede80495234,0.5855
45493bbb-1f24-4923-bb79-256cb872a501,946ed43a-e39e-4bb1-81de-0c3f5f577863,0.5509
45493bbb-1f24-4923-bb79-256cb872a501,9c0ec8de-681a-4386-b53a-73eb396d25f4,0.5253
98cdbbc5-1fa9-4710-9eea-efb652bb56cf,7bc96000-d8cc-45ac-973d-337a334e0c68,0.705
98cdbbc5-1fa9-4710-9eea-efb652bb56cf,3220c4d2-5b01-432f-8bc9-3f03d2f63f17,0.5779
98cdbbc5-1fa9-4710-9eea-efb652bb56cf,1558e912-4e15-4bd5-a222-6948ef17b474,0.5661
51f23b84-6fe4-4b39-8693-40a8909b3d27,2e083236-72a8-4c95-ae00-ea93bbd376a9,0.5844
51f23b84-6fe4-4b39-8693-40a8909b3d27,1791ae03-f710-4181-9a5f-45b1666b531b,0.5548
51f23b84-6fe4-4b39-8693-40a8909b3d27,74604fa2-b6bc-4f27-b62b-0afc35be8e6e,0.5503
51f23b84-6fe4-4b39-8693-40a8909b3d27,9578439a-90b3-4ab6-995b-044298a04499,0.5451
1558e912-4e15-4bd5-a222-6948ef17b474,98cdbbc5-1fa9-4710-9eea-efb652bb56cf,0.5647
1558e912-4e15-4bd5-a222-6948ef17b474,3220c4d2-5b01-432f-8bc9-3f03d2f63f17,0.5527
1558e912-4e15-4bd5-a222-6948ef17b474,cfb12c4b-06af-4110-b9f8-86870f5abad5,0.5525
319999f6-fa5d-4958-9315-cd93b09ff785,f1eb515e-39bc-49d3-9c8b-ce71174dbc04,0.5873
319999f6-fa5d-4958-9315-cd93b09ff785,c064b0be-024f-4506-bf2c-f7c22975483f,0.5754
1791ae03-f710-4181-9a5f-45b1666b531b,9578439a-90b3-4ab6-995b-044298a04499,0.5786
1791ae03-f710-4181-9a5f-45b1666b531b,80029a9a-a10f-4516-b41f-104565ff5718,0.5734
2ac02b2e-a39c-4c80-bb92-527d0bfc0a53,3104c705-7f46-4e3c-854c-aeb53bfb5d88,0.5681
2ac02b2e-a39c-4c80-bb92-527d0bfc0a53,abc60e6c-8b87-496f-956c-bbfa25e709c8,0.5415
edf6fae2-e022-4986-8174-455d93a822e1,6d1ea7c7-f796-4282-a1b0-025d905da5ce,0.557
edf6fae2-e022-4986-8174-455d93a822e1,4489db48-bb0c-47ba-a6b7-1d13ca74f9ca,0.5505
3104c705-7f46-4e3c-854c-aeb53bfb5d88,2ac02b2e-a39c-4c80-bb92-527d0bfc0a53,0.5691
3104c705-7f46-4e3c-854c-aeb53bfb5d88,abc60e6c-8b87-496f-956c-bbfa25e709c8,0.5639
3104c705-7f46-4e3c-854c-aeb53bfb5d88,156ce336-135d-434d-a45c-487c69177352,0.5607
